{"session":[{"ModuleName":"Physics_ProjectileMotion","Version":"1","sessionId":0,"startTime":"6/3/2020 1:16:36 PM","endTime":"6/3/2020 1:16:38 PM","sessionTime":"00:00:02.2931837","clickCount":0,"heatMap":[{"playerPosition":{"x":3.5260000228881838,"y":1.065819263458252,"z":4.61299991607666},"playerOrientation":{"x":-0.004799607675522566,"y":-0.00349061144515872,"z":-0.000016753860109020025,"w":0.9999824166297913},"timeStamp":0.5000000596046448},{"playerPosition":{"x":3.5260000228881838,"y":1.065819263458252,"z":4.61299991607666},"playerOrientation":{"x":-0.004799607675522566,"y":-0.00349061144515872,"z":-0.000016753860109020025,"w":0.9999824166297913},"timeStamp":0.9999995827674866},{"playerPosition":{"x":3.5260000228881838,"y":1.065819263458252,"z":4.61299991607666},"playerOrientation":{"x":-0.004799607675522566,"y":-0.00349061144515872,"z":-0.000016753860109020025,"w":0.9999824166297913},"timeStamp":1.4999991655349732}]}]}